report_date,keyword,rubicon_paid_impressions,rubicon_revenue,dfp_impressions,value_cpm
2016-02-14,ar100,2845,0.73,2865.0,0.22422339
2016-02-15,ar100,3887,0.94,3670.0,0.22539509
2016-02-14,ar100_2,10489,1.65,10564.0,0.13744793
2016-02-15,ar100_2,11639,1.96,10161.0,0.16974708
2016-02-14,ar100_728x90_1,803,0.19,787.0,0.21245235
2016-02-15,ar100_728x90_1,1138,0.24,1049.0,0.2013346
2016-02-14,ar100_728x90_2,2050,0.26,2056.0,0.11128404
2016-02-15,ar100_728x90_2,2282,0.32,1836.0,0.1533769
2016-02-14,ar102,684,0.35,689.0,0.44702467
2016-02-15,ar102,2394,1.05,2384.0,0.38758388
2016-02-14,ar102_2,51,0.01,51.0,0.17254902
2016-02-15,ar102_2,79,0.01,54.0,0.16296296
2016-02-14,ar104,54,0.03,54.0,0.48888888
2016-02-15,ar104,83,0.04,80.0,0.43999999
2016-02-14,ar104_2,347,0.17,349.0,0.4286533
2016-02-15,ar104_2,205,0.06,177.0,0.29830508
2016-02-14,ar106,39727,18.73,39995.0,0.4121115
2016-02-15,ar106,65684,26.29,60202.0,0.38429289
2016-02-14,ar106_2,135380,52.46,136349.0,0.3385782
2016-02-15,ar106_2,236606,72.51,205203.0,0.31095453
2016-02-14,ar11,150351,82.81,302746.0,0.24070606
2016-02-15,ar11,383401,179.22,734342.0,0.2147686
2016-02-14,ar11_1,53836,28.98,54179.0,0.47070635
2016-02-15,ar11_1,145802,63.86,141296.0,0.39772393
2016-02-14,ar11_2,1571978,558.31,1583220.0,0.31032503
2016-02-15,ar11_2,3743204,1064.0,3193086.0,0.29323357
2016-02-14,ar16,13349,7.29,13436.0,0.47746353
2016-02-15,ar16,33313,14.81,31768.0,0.41024932
2016-02-14,ar16_2,78267,26.73,78828.0,0.29840158
2016-02-15,ar16_2,182947,48.12,154289.0,0.27445637
2016-02-14,ar17,634,0.28,631.0,0.39049129
2016-02-15,ar17,2294,0.98,2163.0,0.39870551
2016-02-14,ar17_1,569,0.27,565.0,0.42053099
2016-02-15,ar17_1,1900,0.87,1799.0,0.42556976
2016-02-14,ar17_2,11661,3.86,11744.0,0.28923705
2016-02-15,ar17_2,37774,9.93,32432.0,0.2694376
2016-02-14,ar18,255,0.13,257.0,0.44513617
2016-02-15,ar18,247,0.08,237.0,0.29704641
2016-02-14,ar18_2,283,0.08,285.0,0.24701754
2016-02-15,ar18_2,507,0.12,465.0,0.22709677
2016-02-14,ar22,5595,1.29,5617.0,0.20210076
2016-02-15,ar22,9905,2.05,8983.0,0.20082377
2016-02-14,ar22_1,31295,5.03,31505.0,0.14049834
2016-02-15,ar22_1,56515,8.5,44945.0,0.16642563
2016-02-14,ar22_2,60690,7.14,61123.0,0.102796
2016-02-15,ar22_2,108620,12.63,85363.0,0.13020161
2016-02-14,ar23,222,0.11,224.0,0.43214285
2016-02-15,ar23,247,0.09,224.0,0.35357144
2016-02-14,ar23_2,121,0.04,122.0,0.28852458
2016-02-15,ar23_2,134,0.04,119.0,0.29579831
2016-02-14,ar25,4095,3.07,4125.0,0.65493332
2016-02-15,ar25,2863,1.85,2875.0,0.56626088
2016-02-14,ar25_2,4330,1.96,4361.0,0.39550563
2016-02-15,ar25_2,2867,0.79,2685.0,0.25891993
2016-02-14,ar26,3239,2.27,3259.0,0.61294875
2016-02-15,ar26,7961,4.68,7820.0,0.5266496
2016-02-14,ar26_2,31070,14.65,31292.0,0.41199027
2016-02-15,ar26_2,79225,28.37,72777.0,0.34304245
2016-02-14,ar27,2152,0.61,2167.0,0.24771574
2016-02-15,ar27,3101,0.75,2845.0,0.23198594
2016-02-14,ar28,111740,35.36,112405.0,0.27682755
2016-02-15,ar28,131280,37.15,119683.0,0.27315493
2016-02-14,ar28_2,170857,38.33,172026.0,0.19607735
2016-02-15,ar28_2,214904,40.95,178818.0,0.20152334
2016-02-14,ar29,42600,17.18,85800.0,0.17620513
2016-02-15,ar29,67409,23.36,61735.0,0.33298454
2016-02-14,ar29_2,83624,23.81,84221.0,0.24878355
2016-02-15,ar29_2,147381,34.18,124143.0,0.24228833
2016-02-14,ar30_1,856,0.56,862.0,0.57169374
2016-02-15,ar30_1,798,0.4,750.0,0.46933334
2016-02-14,ar30_2,2607,0.95,2626.0,0.31835491
2016-02-15,ar30_2,2778,0.82,2154.0,0.33500464
2016-02-14,ar31,250490,140.08,252219.0,0.48874352
2016-02-15,ar31,421548,192.12,408457.0,0.41391284
2016-02-14,ar31_2,784106,282.86,789703.0,0.31520304
2016-02-15,ar31_2,1518761,424.97,1304768.0,0.28662076
2016-02-14,ar35,5278,2.85,5282.0,0.47482013
2016-02-15,ar35,8328,3.71,7842.0,0.41632237
2016-02-14,ar35_2,24078,8.44,24252.0,0.30625102
2016-02-15,ar35_2,44073,12.27,38235.0,0.28240095
2016-02-14,ar35_728x90_2,8999,3.18,9038.0,0.30962603
2016-02-15,ar35_728x90_2,17124,4.75,14471.0,0.28885357
2016-02-14,ar37,524458,153.4,528172.0,0.2555834
2016-02-15,ar37,629519,159.06,512507.0,0.27311392
2016-02-14,ar37_2,1798143,289.65,1811001.0,0.14074647
2016-02-15,ar37_2,2150394,301.7,1629282.0,0.16295277
2016-02-14,ar38,10455,2.88,10529.0,0.24070663
2016-02-15,ar38,14311,3.22,12940.0,0.21897991
2016-02-14,ar38_2,5424,1.47,5463.0,0.23679298
2016-02-15,ar38_2,7271,1.81,6463.0,0.24644901
2016-02-14,ar39,1291,0.27,1300.0,0.18276924
2016-02-15,ar39,1620,0.33,1383.0,0.20997832
2016-02-14,ar39_2,7624,1.39,7679.0,0.15929157
2016-02-15,ar39_2,11572,1.57,9711.0,0.14227166
2016-02-14,ar40,3723,1.33,3751.0,0.31202347
2016-02-15,ar40,4095,1.44,3709.0,0.34165545
2016-02-14,ar40_2,9091,2.57,9156.0,0.24700742
2016-02-15,ar40_2,11332,2.42,8670.0,0.24562861
2016-02-14,ar41,31461,14.21,31648.0,0.39512134
2016-02-15,ar41,52155,19.39,47947.0,0.35587627
2016-02-14,ar41_2,108618,29.58,109395.0,0.23794872
2016-02-15,ar41_2,198766,43.94,165004.0,0.23434098
2016-02-14,ar44_1,13889,6.76,13977.0,0.42561352
2016-02-15,ar44_1,26190,11.44,24692.0,0.40771098
2016-02-14,ar44_160x600_1,12781,4.16,12864.0,0.2845771
2016-02-15,ar44_160x600_1,23661,7.13,22207.0,0.28254155
2016-02-14,ar49,108060,36.88,108801.0,0.29829138
2016-02-15,ar49,116255,36.0,102422.0,0.30930855
2016-02-14,ar49_2,408566,74.11,411487.0,0.15849055
2016-02-15,ar49_2,443707,74.33,349831.0,0.18697714
2016-02-14,ar4_728x90_1,6907,2.95,6956.0,0.373203
2016-02-15,ar4_728x90_1,12736,4.6,11510.0,0.35169417
2016-02-14,ar4_728x90_2,9161,2.7,9227.0,0.25750515
2016-02-15,ar4_728x90_2,18069,4.24,15287.0,0.24407665
2016-02-14,ar50,12879,3.44,12970.0,0.23340016
2016-02-15,ar50,16785,4.09,15896.0,0.22642175
2016-02-14,ar50_2,75197,14.42,75735.0,0.16755265
2016-02-15,ar50_2,86727,14.19,70745.0,0.17651
2016-02-14,ar51,17884,9.17,17959.0,0.4493346
2016-02-15,ar51,29142,11.55,27292.0,0.37241683
2016-02-14,ar51_2,92670,30.48,93331.0,0.28739004
2016-02-15,ar51_2,152923,37.07,128139.0,0.25457979
2016-02-14,ar52,33409,13.0,33623.0,0.34024329
2016-02-15,ar52,60728,19.71,55872.0,0.31043813
2016-02-14,ar52_2,65373,16.92,65819.0,0.22622039
2016-02-15,ar52_2,124418,26.12,104119.0,0.22076279
2016-02-14,ar53,1877,0.88,1867.0,0.41478307
2016-02-15,ar53,2222,0.96,2050.0,0.41209755
2016-02-14,ar53_1,1727,0.98,1718.0,0.50197906
2016-02-15,ar53_1,2159,1.01,2011.0,0.44196917
2016-02-14,ar53_2,12059,4.3,12144.0,0.31159422
2016-02-15,ar53_2,17572,4.54,14348.0,0.27844996
2016-02-14,ar55,6754,1.96,6803.0,0.25353521
2016-02-15,ar55,1550,0.65,1460.0,0.39178081
2016-02-14,ar55_2,4693,1.05,4727.0,0.19547281
2016-02-15,ar55_2,917,0.3,775.0,0.34064517
2016-02-14,ar56,92109,35.07,92759.0,0.33270734
2016-02-15,ar56,144521,42.87,124292.0,0.30352395
2016-02-14,ar56_2,188143,50.54,189488.0,0.23471249
2016-02-15,ar56_2,306489,58.96,247061.0,0.21000805
2016-02-14,ar58,315203,125.35,634878.0,0.17374676
2016-02-15,ar58,522544,179.95,944820.0,0.16760441
2016-02-14,ar58_2,674905,188.91,679730.0,0.24456888
2016-02-15,ar58_2,1220683,268.66,1005692.0,0.23508271
2016-02-14,ar60,41021,20.38,41273.0,0.43453103
2016-02-15,ar60,69884,32.06,68310.0,0.41301129
2016-02-14,ar60_2,72480,26.27,72990.0,0.31672284
2016-02-15,ar60_2,147720,46.11,135251.0,0.30001109
2016-02-14,ar61,31059,12.47,31256.0,0.3510878
2016-02-15,ar61,51457,18.55,46785.0,0.34891524
2016-02-14,ar61_2,58036,16.93,58442.0,0.25492626
2016-02-15,ar61_2,103629,25.6,87301.0,0.25804974
2016-02-14,ar61_728x90_1,9439,3.66,9468.0,0.34017745
2016-02-15,ar61_728x90_1,16469,5.55,15243.0,0.32040938
2016-02-14,ar62,1114841,459.93,1122767.0,0.36048298
2016-02-15,ar62,1857616,667.38,1710938.0,0.34325873
2016-02-14,ar62_2,3149641,901.32,3172163.0,0.2500381
2016-02-15,ar62_2,5568093,1275.64,4699354.0,0.23887607
2016-02-14,ar63,318,0.22,320.0,0.605
2016-02-15,ar63,1135,0.5,1113.0,0.39532794
2016-02-14,ar63_2,1186,0.55,1194.0,0.40536014
2016-02-15,ar63_2,3142,0.85,2583.0,0.28958576
2016-02-14,ar65,25,0.01,25.0,0.35199999
2016-02-15,ar65,22,0.01,22.0,0.39999999
2016-02-14,ar65_2,105,0.02,106.0,0.16603773
2016-02-15,ar65_2,148,0.04,132.0,0.26666666
2016-02-14,ar66,190,0.04,191.0,0.18429319
2016-02-15,ar66,139,0.02,91.0,0.19340659
2016-02-14,ar66_2,721,0.07,726.0,0.08484849
2016-02-15,ar66_2,513,0.06,418.0,0.12631579
2016-02-14,ar68,2515,1.31,2508.0,0.4596491
2016-02-15,ar68,4153,1.61,3894.0,0.36384181
2016-02-14,ar68_1,2601,1.43,2594.0,0.48511949
2016-02-15,ar68_1,4341,1.7,4045.0,0.36983932
2016-02-14,ar68_2,23812,8.22,23983.0,0.30161365
2016-02-15,ar68_2,34595,8.46,28835.0,0.25818623
2016-02-14,ar71_300x250,414,0.22,417.0,0.46426858
2016-02-15,ar71_300x250,1276,0.62,1206.0,0.45240465
2016-02-14,ar71_300x250_2,1283,0.84,1292.0,0.57213621
2016-02-15,ar71_300x250_2,3626,1.14,3053.0,0.32859482
2016-02-14,ar73,73992,37.26,74487.0,0.44019491
2016-02-15,ar73,109961,42.84,101366.0,0.37191169
2016-02-14,ar73_2,277097,85.79,279076.0,0.27051843
2016-02-15,ar73_2,400441,91.16,332629.0,0.24117201
2016-02-14,ar73_728x90_1,27406,11.82,27524.0,0.37791018
2016-02-15,ar73_728x90_1,41480,14.3,39473.0,0.3188002
2016-02-14,ar74,17259,7.1,17383.0,0.35943162
2016-02-15,ar74,27380,9.4,24603.0,0.33621915
2016-02-14,ar74_2,17350,5.42,17474.0,0.27295411
2016-02-15,ar74_2,27921,7.21,24384.0,0.26020341
2016-02-14,ar78,121165,25.37,122031.0,0.18295024
2016-02-15,ar78,156685,27.79,126801.0,0.19286284
2016-02-14,ar78_3,48740,12.69,49089.0,0.22748884
2016-02-15,ar78_3,59081,13.19,52613.0,0.22061467
2016-02-14,ar79,192988,46.61,194359.0,0.21103628
2016-02-15,ar79,226823,48.92,198061.0,0.21735525
2016-02-14,ar79_2,541129,78.22,545000.0,0.12630019
2016-02-15,ar79_2,626921,80.21,514732.0,0.13712922
2016-02-14,ar80,3387,1.06,3397.0,0.27459522
2016-02-15,ar80,5013,1.61,4367.0,0.32443325
2016-02-14,ar80_2,11792,2.31,11875.0,0.17118315
2016-02-15,ar80_2,18028,3.18,15245.0,0.18356183
2016-02-14,ar81,747,0.23,752.0,0.26914894
2016-02-15,ar81,894,0.23,853.0,0.23728019
2016-02-14,ar81_2,4684,1.36,4717.0,0.25372059
2016-02-15,ar81_2,7484,2.05,6689.0,0.26969651
2016-02-14,ar83,23858,9.31,24029.0,0.3409547
2016-02-15,ar83,35169,12.07,31681.0,0.33526719
2016-02-14,ar83_2,14409,4.61,14512.0,0.27954797
2016-02-15,ar83_2,17580,4.13,15529.0,0.23403955
2016-02-14,ar83_728x90_1,6309,2.18,6354.0,0.30192006
2016-02-15,ar83_728x90_1,9956,3.03,8873.0,0.30050715
2016-02-14,ar83_728x90_2,3204,1.01,3227.0,0.27542609
2016-02-15,ar83_728x90_2,4071,1.05,3516.0,0.26279862
2016-02-14,ar84,44446,26.44,44720.0,0.52028624
2016-02-15,ar84,111358,55.84,108719.0,0.45198356
2016-02-14,ar84_2,373143,132.41,375813.0,0.31004995
2016-02-15,ar84_2,874627,246.65,750539.0,0.28919482
2016-02-14,ar85,27275,29.97,27424.0,0.96169776
2016-02-15,ar85,46515,46.45,23221.0,1.7603032
2016-02-14,ar85_2,46930,38.19,47221.0,0.71170028
2016-02-15,ar85_2,84428,58.96,34944.0,1.48479851
2016-02-14,ar85_728x90_1,9179,8.89,9205.0,0.84988596
2016-02-15,ar85_728x90_1,14552,10.78,7457.0,1.27214694
2016-02-14,ar85_728x90_2,14797,10.47,14840.0,0.62086255
2016-02-15,ar85_728x90_2,26244,14.12,9824.0,1.26482084
2016-02-14,ar86,38615,16.82,38878.0,0.38071917
2016-02-15,ar86,65154,23.81,59313.0,0.35325813
2016-02-14,ar86_2,114903,42.19,115726.0,0.32081986
2016-02-15,ar86_2,200237,57.87,172616.0,0.29502247
2016-02-14,ar89,1742,1.03,1754.0,0.51676167
2016-02-15,ar89,4156,2.19,3999.0,0.48192049
2016-02-14,ar89_2,17119,6.27,17240.0,0.3200464
2016-02-15,ar89_2,41129,12.45,36085.0,0.30361646
2016-02-15,ar90,17,0.0,16.0,0.0
2016-02-14,ar90_2,26,0.01,26.0,0.33846153
2016-02-15,ar90_2,49,0.0,34.0,0.0
2016-02-14,ar91,487,0.07,490.0,0.12571429
2016-02-15,ar91,476,0.07,375.0,0.16426667
2016-02-14,ar91_1,129,0.02,127.0,0.13858267
2016-02-15,ar91_1,153,0.03,112.0,0.23571428
2016-02-14,ar91_2,2045,0.32,2060.0,0.13669903
2016-02-15,ar91_2,1465,0.16,1087.0,0.12953082
2016-02-14,ar91_728x90_2,631,0.11,636.0,0.15220126
2016-02-15,ar91_728x90_2,506,0.07,380.0,0.16210526
2016-02-14,ar92,23265,12.49,23430.0,0.46910797
2016-02-15,ar92,51610,26.01,49122.0,0.46595823
2016-02-14,ar93,479,0.37,482.0,0.67551868
2016-02-15,ar93,968,0.45,916.0,0.4323144
2016-02-14,ar93_2,3475,1.45,3500.0,0.36457144
2016-02-15,ar93_2,8438,3.02,7368.0,0.36069489
2016-02-14,ar94,66,0.05,66.0,0.66666668
2016-02-15,ar94,48,0.02,45.0,0.3911111
2016-02-14,ar94_2,140,0.06,141.0,0.37446808
2016-02-15,ar94_2,110,0.03,94.0,0.28085106
2016-02-14,ar95,159,0.02,160.0,0.11
2016-02-14,ar95_1,229,0.07,231.0,0.26666667
2016-02-14,ar96,840,0.19,839.0,0.19928486
2016-02-15,ar96,847,0.21,730.0,0.25315068
2016-02-14,ar96_2,1905,0.22,1918.0,0.10093848
2016-02-15,ar96_2,2273,0.41,1830.0,0.19715847
2016-02-14,ar_at100,24,0.0,24.0,0.0
2016-02-15,ar_at100,11,0.0,12.0,0.0
2016-02-14,ar_ble100,34,0.01,34.0,0.25882352
2016-02-15,ar_ble100,91,0.02,97.0,0.18144329
2016-02-15,ar_bro18_728x90_3,12,0.0,13.0,0.0
2016-02-14,ar_bro23_300x250_1,412,0.08,415.0,0.16963855
2016-02-15,ar_bro23_300x250_1,284,0.06,257.0,0.20544747
2016-02-14,ar_bro23_728x90_1,530,0.09,534.0,0.14831461
2016-02-15,ar_bro23_728x90_1,428,0.06,448.0,0.11785714
2016-02-14,ar_bro23_728x90_2,286,0.04,279.0,0.12616487
2016-02-15,ar_bro23_728x90_2,169,0.02,177.0,0.09943503
2016-02-15,ar_bud1_728x90_1,11,0.0,11.0,0.0
2016-02-14,ar_cs100,30,0.0,30.0,0.0
2016-02-14,ar_cs10_300x250_1,14,0.0,14.0,0.0
2016-02-14,ar_cs10_728x90_1,11,0.01,11.0,0.79999998
2016-02-15,ar_cs10_728x90_1,10,0.0,11.0,0.0
2016-02-14,ar_cs10_728x90_2,15,0.0,15.0,0.0
2016-02-15,ar_cs10_728x90_2,11,0.0,12.0,0.0
2016-02-14,ar_cs11_300x250_1,1953,0.38,1967.0,0.17000508
2016-02-15,ar_cs11_300x250_1,984,0.26,1051.0,0.21769742
2016-02-14,ar_cs11_728x90_1,2173,0.35,2189.0,0.14070352
2016-02-15,ar_cs11_728x90_1,1083,0.21,1157.0,0.15972342
2016-02-14,ar_cs11_728x90_2,972,0.15,979.0,0.13483147
2016-02-15,ar_cs11_728x90_2,449,0.06,480.0,0.11
2016-02-14,ar_cs16_300x250_1,503,0.08,507.0,0.13885601
2016-02-15,ar_cs16_300x250_1,213,0.05,228.0,0.19298246
2016-02-14,ar_cs16_728x90_1,518,0.06,522.0,0.10114942
2016-02-15,ar_cs16_728x90_1,212,0.03,226.0,0.11681416
2016-02-14,ar_cs16_728x90_2,324,0.05,326.0,0.13496933
2016-02-15,ar_cs16_728x90_2,151,0.02,161.0,0.10931677
2016-02-14,ar_els100_728x90,213,0.05,215.0,0.20465117
2016-02-15,ar_els100_728x90,181,0.04,193.0,0.18238342
2016-02-14,ar_els1_300x250_1,958,0.13,965.0,0.11854922
2016-02-15,ar_els1_300x250_1,1119,0.16,1196.0,0.11772575
2016-02-14,ar_els1_728x90_1,1023,0.16,1030.0,0.13669903
2016-02-15,ar_els1_728x90_1,1218,0.17,1301.0,0.11498847
2016-02-14,ar_els1_728x90_2,770,0.11,776.0,0.12474227
2016-02-15,ar_els1_728x90_2,915,0.12,978.0,0.10797546
2016-02-14,ar_els3_300x250_1,86,0.01,87.0,0.10114942
2016-02-15,ar_els3_300x250_1,94,0.01,100.0,0.088
2016-02-14,ar_els3_728x90_1,122,0.02,123.0,0.14308943
2016-02-15,ar_els3_728x90_1,142,0.02,152.0,0.11578947
2016-02-14,ar_els3_728x90_2,101,0.02,102.0,0.17254902
2016-02-15,ar_els3_728x90_2,107,0.01,114.0,0.07719298
2016-02-14,ar_els3_728x90_3,156,0.03,157.0,0.16815286
2016-02-15,ar_els3_728x90_3,154,0.02,165.0,0.10666666
2016-02-14,ar_end1_300x250_1,1585,0.39,1596.0,0.21503759
2016-02-15,ar_end1_300x250_1,113,0.03,121.0,0.21818181
2016-02-14,ar_end1_728x90_1,1660,0.33,1672.0,0.17368422
2016-02-15,ar_end1_728x90_1,108,0.02,115.0,0.15304347
2016-02-14,ar_end1_728x90_2,1426,0.33,1436.0,0.20222842
2016-02-15,ar_end1_728x90_2,79,0.03,84.0,0.31428571
2016-02-15,ar_end2_728x90_1,10,0.0,11.0,0.0
2016-02-14,ar_fnb1_728x90_1,10570,9.67,10646.0,0.7993237
2016-02-15,ar_fnb1_728x90_1,12615,11.24,13478.0,0.73387741
2016-02-14,ar_fnb1_hpu_1,6763,5.43,6811.0,0.70157097
2016-02-15,ar_fnb1_hpu_1,7185,5.7,7676.0,0.65346532
2016-02-14,ar_hwy2,46,0.01,46.0,0.19130434
2016-02-15,ar_hwy2,48,0.01,45.0,0.19555555
2016-02-14,ar_jam17,37,0.22,37.0,5.2324324
2016-02-14,ar_jam17_300x250_1,1058,0.25,1066.0,0.20637899
2016-02-15,ar_jam17_300x250_1,196,0.04,209.0,0.16842105
2016-02-14,ar_jam17_728x90_1,1154,0.22,1162.0,0.16660929
2016-02-15,ar_jam17_728x90_1,235,0.04,234.0,0.15042735
2016-02-14,ar_jam21_1,346,0.04,348.0,0.10114942
2016-02-15,ar_jam21_1,47,0.01,50.0,0.176
2016-02-14,ar_lau100,100,0.01,101.0,0.08712871
2016-02-15,ar_lau100,99,0.0,106.0,0.0
2016-02-14,ar_lau1_300x250_1,86,0.01,87.0,0.10114942
2016-02-15,ar_lau1_300x250_1,51,0.01,54.0,0.16296296
2016-02-14,ar_lau1_728x90_1,77,0.0,78.0,0.0
2016-02-15,ar_lau1_728x90_1,59,0.01,63.0,0.13968254
2016-02-14,ar_lau1_728x90_2,89,0.01,90.0,0.09777778
2016-02-15,ar_lau1_728x90_2,67,0.01,72.0,0.12222222
2016-02-14,ar_lau1_728x90_3,77,0.01,78.0,0.11282051
2016-02-15,ar_lau1_728x90_3,58,0.0,62.0,0.0
2016-02-14,ar_mar1_300x250_1,105,0.02,106.0,0.16603773
2016-02-15,ar_mar1_300x250_1,102,0.01,109.0,0.08073394
2016-02-14,ar_mar1_728x90_1,116,0.01,117.0,0.07521367
2016-02-15,ar_mar1_728x90_1,102,0.01,109.0,0.08073394
2016-02-14,ar_mar1_728x90_2,125,0.02,126.0,0.13968254
2016-02-15,ar_mar1_728x90_2,128,0.01,137.0,0.06423358
2016-02-14,ar_mar2_300x250_1,29,0.01,29.0,0.30344827
2016-02-15,ar_mar2_300x250_1,48,0.02,51.0,0.34509803
2016-02-14,ar_mar2_728x90_1,24,0.01,24.0,0.36666666
2016-02-15,ar_mar2_728x90_1,62,0.02,66.0,0.26666666
2016-02-14,ar_mar2_728x90_2,18,0.0,18.0,0.0
2016-02-15,ar_mar2_728x90_2,37,0.01,40.0,0.22
2016-02-14,ar_mh100,644,0.08,649.0,0.10847457
2016-02-15,ar_mh100,677,0.1,723.0,0.12171508
2016-02-14,ar_mh6_300x250_1,271,0.05,273.0,0.16117216
2016-02-15,ar_mh6_300x250_1,134,0.03,143.0,0.18461538
2016-02-14,ar_mh6_728x90_1,290,0.04,292.0,0.12054794
2016-02-15,ar_mh6_728x90_1,140,0.03,150.0,0.176
2016-02-14,ar_mh6_728x90_2,204,0.04,205.0,0.17170731
2016-02-15,ar_mh6_728x90_2,93,0.02,99.0,0.17777777
2016-02-14,ar_mor1_300x250_1,50,0.01,50.0,0.176
2016-02-15,ar_mor1_300x250_1,45,0.0,48.0,0.0
2016-02-14,ar_mor1_728x90_1,47,0.0,47.0,0.0
2016-02-15,ar_mor1_728x90_1,42,0.0,45.0,0.0
2016-02-14,ar_mor1_728x90_2,59,0.0,59.0,0.0
2016-02-15,ar_mor1_728x90_2,48,0.0,51.0,0.0
2016-02-14,ar_mor1_728x90_3,59,0.0,59.0,0.0
2016-02-15,ar_mor1_728x90_3,52,0.0,56.0,0.0
2016-02-14,gut_313,51824,4.94,52167.0,0.08333238
2016-02-15,gut_313,63258,5.46,67442.0,0.07124344
2016-02-14,gut_313_1,134408,10.89,135366.0,0.07079474
2016-02-15,gut_313_1,167261,12.53,178396.0,0.06180856
2016-02-14,gut_313_3,119789,9.48,120645.0,0.06914832
2016-02-15,gut_313_3,150271,11.63,160132.0,0.06391227
2016-02-14,gut_313_4,71586,5.06,72099.0,0.06175952
2016-02-15,gut_313_4,96187,6.98,102468.0,0.05994457
2016-02-14,gut_636_1,15252,3.58,15361.0,0.20509081
2016-02-15,gut_636_1,36167,7.56,38425.0,0.17313728
2016-02-14,gut_636_2,56,0.01,56.0,0.15714285
2016-02-15,gut_636_2,126,0.02,133.0,0.13233082
2016-02-14,gut_636_3,20712,3.98,20860.0,0.16790029
2016-02-15,gut_636_3,47335,8.71,50035.0,0.15318877
2016-02-14,gut_636_4,21497,4.36,21651.0,0.17721122
2016-02-15,gut_636_4,49365,9.22,52174.0,0.15551041
2016-02-14,gut_636_5,27978,8.83,28178.0,0.27576123
2016-02-15,gut_636_5,63297,18.78,66993.0,0.24668847
2016-02-14,gut_670,11,0.01,11.0,0.79999998
2016-02-15,gut_670,19,0.0,19.0,0.0
2016-02-14,gut_670_1,146,0.11,147.0,0.6585034
2016-02-15,gut_670_1,159,0.06,167.0,0.31616766
2016-02-14,gut_670_2,146,0.09,147.0,0.53877553
2016-02-15,gut_670_2,158,0.05,163.0,0.26993865
2016-02-14,gut_703_1,39292,3.91,39573.0,0.08694817
2016-02-15,gut_703_1,39990,3.59,39094.0,0.08081035
2016-02-14,gut_703_2,41336,3.72,41632.0,0.07863182
2016-02-15,gut_703_2,40393,3.14,37622.0,0.07344639
2016-02-14,gut_703_3,225,0.02,226.0,0.0778761
2016-02-15,gut_703_3,269,0.02,255.0,0.06901961
2016-02-14,gut_703_4,41986,3.88,42286.0,0.0807454
2016-02-15,gut_703_4,41244,3.32,38524.0,0.07583844
2016-02-14,gut_703_5,43532,4.61,43843.0,0.09253017
2016-02-15,gut_703_5,42494,3.92,40365.0,0.08546018
2016-02-14,gut_706_3,16,0.0,16.0,0.0
2016-02-15,gut_706_3,22,0.0,21.0,0.0
2016-02-14,gut_706_4,17,0.0,17.0,0.0
2016-02-15,gut_706_4,19,0.0,19.0,0.0
2016-02-14,gut_706_5,46,0.02,46.0,0.38260869
2016-02-15,gut_706_5,49,0.02,48.0,0.36666666
2016-02-14,gut_708_1,1297,0.33,1297.0,0.22390132
2016-02-15,gut_708_1,3007,0.66,3184.0,0.18241207
2016-02-14,gut_708_3,8705,1.57,8766.0,0.15760895
2016-02-15,gut_708_3,18839,3.29,19973.0,0.14495569
2016-02-14,gut_708_4,8922,1.65,8986.0,0.16158468
2016-02-15,gut_708_4,19315,3.4,20454.0,0.14627946
2016-02-14,gut_708_5,11807,3.6,11891.0,0.26641997
2016-02-15,gut_708_5,25020,7.08,26516.0,0.23496756
2016-02-14,gut_742_1,86924,14.61,87546.0,0.14685765
2016-02-15,gut_742_1,138495,21.74,146195.0,0.13086084
2016-02-14,gut_742_2,309,0.03,305.0,0.08655738
2016-02-15,gut_742_2,493,0.05,505.0,0.08712871
2016-02-14,gut_742_3,177716,29.68,178986.0,0.14592426
2016-02-15,gut_742_3,250681,43.23,262897.0,0.14470458
2016-02-14,gut_742_4,177120,27.92,178387.0,0.13773201
2016-02-15,gut_742_4,249375,41.02,261385.0,0.13810127
2016-02-14,gut_742_5,279150,98.67,281146.0,0.30884166
2016-02-15,gut_742_5,349982,108.2,368107.0,0.25866391
2016-02-14,gut_750_1,4587,1.17,4621.0,0.22280891
2016-02-15,gut_750_1,3916,0.74,4112.0,0.15836576
2016-02-14,gut_750_2,3400,0.41,3424.0,0.10537383
2016-02-15,gut_750_2,3060,0.29,3214.0,0.07940261
2016-02-14,gut_750_3,6044,1.45,6087.0,0.20962708
2016-02-15,gut_750_3,5595,1.1,5808.0,0.16666667
2016-02-14,gut_777_3,77,0.01,69.0,0.12753623
2016-02-15,gut_777_3,115,0.01,111.0,0.07927928
2016-02-14,gut_777_4,80,0.01,72.0,0.12222222
2016-02-15,gut_777_4,104,0.01,100.0,0.088
2016-02-14,gut_777_5,250473,91.41,252265.0,0.31887421
2016-02-15,gut_777_5,313573,101.9,330501.0,0.27132142
2016-02-14,gut_778_1,81236,18.27,81817.0,0.19650684
2016-02-15,gut_778_1,84793,16.42,88438.0,0.16338678
2016-02-14,gut_778_2,177,0.03,176.0,0.15
2016-02-15,gut_778_2,194,0.02,200.0,0.088
2016-02-14,gut_778_3,88237,14.3,88869.0,0.14160169
2016-02-15,gut_778_3,92272,14.02,95207.0,0.12958711
2016-02-14,gut_778_5,106070,24.47,106830.0,0.20156884
2016-02-15,gut_778_5,109330,23.95,113275.0,0.18606048
2016-02-14,gut_801_1,191585,28.41,192954.0,0.1295687
2016-02-15,gut_801_1,349746,47.63,369514.0,0.11343116
2016-02-14,gut_801_3,123013,22.6,123891.0,0.16052821
2016-02-15,gut_801_3,213368,34.93,224468.0,0.1369389
2016-02-14,gut_801_5,326844,102.69,329179.0,0.27452299
2016-02-15,gut_801_5,540961,150.56,570566.0,0.23221292
2016-02-14,gut_803_1,49112,11.83,49463.0,0.21046843
2016-02-15,gut_803_1,61565,13.01,63806.0,0.1794314
2016-02-14,gut_803_2,29098,3.54,29306.0,0.10629905
2016-02-15,gut_803_2,35732,3.61,36931.0,0.08601987
2016-02-14,gut_803_3,55898,10.09,56298.0,0.15771786
2016-02-15,gut_803_3,70387,11.53,71971.0,0.140979
2016-02-14,gut_805_1,122297,19.65,123174.0,0.14038677
2016-02-15,gut_805_1,171642,26.81,181246.0,0.13017004
2016-02-14,gut_805_3,76695,14.7,77224.0,0.16751269
2016-02-15,gut_805_3,103402,18.86,108577.0,0.15285742
2016-02-14,gut_805_5,221563,79.43,223145.0,0.31324206
2016-02-15,gut_805_5,277876,89.05,292581.0,0.26783695
2016-02-14,gut_808_1,1920704,338.46,1934441.0,0.15396944
2016-02-15,gut_808_1,467408,72.37,493187.0,0.12913074
2016-02-14,gut_808_3,1236047,255.09,1244835.0,0.18032847
2016-02-15,gut_808_3,286174,52.32,300321.0,0.15330796
2016-02-14,gut_808_5,3719144,1461.45,3745739.0,0.34334372
2016-02-15,gut_808_5,757095,240.37,796567.0,0.26554652
2016-02-14,gut_812_1,91590,28.73,92246.0,0.27407584
2016-02-15,gut_812_1,105954,27.69,111087.0,0.2193524
2016-02-15,gut_812_2,59,0.01,26.0,0.33846153
2016-02-14,gut_812_3,126958,35.69,127867.0,0.24562396
2016-02-15,gut_812_3,142953,35.43,148210.0,0.21036637
2016-02-14,gut_812_4,126888,34.61,127792.0,0.23833104
2016-02-15,gut_812_4,142909,34.59,148018.0,0.20564526
2016-02-14,gut_812_5,136270,51.57,137245.0,0.33066122
2016-02-15,gut_812_5,152338,50.46,158356.0,0.28041122
2016-02-14,gut_814_1,70639,16.49,71144.0,0.20396941
2016-02-15,gut_814_1,73282,14.85,76447.0,0.17094196
2016-02-14,gut_814_2,265,0.04,265.0,0.13283019
2016-02-15,gut_814_2,263,0.05,271.0,0.16236163
2016-02-14,gut_814_3,82079,14.98,82666.0,0.1594658
2016-02-15,gut_814_3,83722,14.04,86186.0,0.14335507
2016-02-14,gut_814_4,81296,14.21,81877.0,0.15272665
2016-02-15,gut_814_4,82380,13.21,84923.0,0.13688636
2016-02-14,gut_814_5,87827,20.12,88456.0,0.2001628
2016-02-15,gut_814_5,90221,19.44,93498.0,0.18296862
2016-02-14,gut_815_1,40227,10.88,40515.0,0.23631742
2016-02-15,gut_815_1,47512,11.34,50019.0,0.19950819
2016-02-14,gut_815_3,1922,0.25,1936.0,0.11363636
2016-02-15,gut_815_3,2611,0.3,2741.0,0.09631522
2016-02-14,gut_815_4,57495,13.68,57907.0,0.20789197
2016-02-15,gut_815_4,67277,15.24,70295.0,0.19078455
2016-02-14,gut_815_5,74255,28.46,74785.0,0.33489068
2016-02-15,gut_815_5,83445,29.33,87413.0,0.29526958
2016-02-14,gut_825_1,424515,112.23,427553.0,0.23099453
2016-02-15,gut_825_1,577392,132.17,607493.0,0.19145834
2016-02-14,gut_825_2,378,0.04,369.0,0.09539295
2016-02-15,gut_825_2,531,0.05,562.0,0.07829182
2016-02-14,gut_825_3,131452,26.47,132340.0,0.17601329
2016-02-15,gut_825_3,182871,33.35,191668.0,0.15311893
2016-02-14,gut_825_4,184826,37.05,186140.0,0.17515848
2016-02-15,gut_825_4,260501,46.52,272957.0,0.1499782
2016-02-14,gut_825_5,496426,183.51,499975.0,0.32299374
2016-02-15,gut_825_5,654638,205.14,689126.0,0.26195964
2016-02-14,gut_826_1,13997,3.88,14098.0,0.24219039
2016-02-15,gut_826_1,33776,8.37,35763.0,0.20595587
2016-02-14,gut_826_3,6000,1.17,6033.0,0.17066136
2016-02-15,gut_826_3,15251,2.79,16055.0,0.15292432
2016-02-14,gut_826_4,5466,1.0,5497.0,0.16008732
2016-02-15,gut_826_4,13843,2.47,14598.0,0.14889711
2016-02-14,gut_826_5,16278,5.31,16394.0,0.28503111
2016-02-15,gut_826_5,39120,11.69,41337.0,0.24886179
2016-02-14,gut_829_1,3738,1.67,3764.0,0.3904357
2016-02-15,gut_829_1,5946,2.68,6096.0,0.38687665
2016-02-14,gut_829_3,1631,0.56,1633.0,0.30177587
2016-02-15,gut_829_3,2738,0.98,2786.0,0.30954774
2016-02-14,gut_829_4,88455,14.16,89088.0,0.13987069
2016-02-15,gut_829_4,93593,14.46,96542.0,0.13180585
2016-02-14,gut_829_5,4578,2.87,4612.0,0.5476149
2016-02-15,gut_829_5,7232,4.59,7439.0,0.54297622
2016-02-14,gut_843_1,127459,20.35,128371.0,0.13950192
2016-02-15,gut_843_1,174495,26.64,184263.0,0.12722684
2016-02-14,gut_843_3,80151,15.25,80724.0,0.16624548
2016-02-15,gut_843_3,105904,19.06,111200.0,0.15083453
2016-02-14,gut_843_5,229818,81.23,231461.0,0.30883131
2016-02-15,gut_843_5,283204,89.78,298161.0,0.26497898
2016-02-14,gut_849_1,543942,119.65,547831.0,0.19219796
2016-02-15,gut_849_1,609803,126.48,640754.0,0.17370536
2016-02-14,gut_849_2,363,0.04,364.0,0.09670329
2016-02-15,gut_849_2,436,0.04,461.0,0.07635575
2016-02-14,gut_849_3,294289,59.96,296394.0,0.17802249
2016-02-15,gut_849_3,328849,63.54,344124.0,0.16248562
2016-02-14,gut_849_4,302121,64.66,304281.0,0.18700084
2016-02-15,gut_849_4,334749,65.55,350065.0,0.16478083
2016-02-14,gut_849_5,694826,234.18,699796.0,0.29448353
2016-02-15,gut_849_5,756895,234.18,795662.0,0.25900243
2016-02-14,gut_857,20078,3.77,20222.0,0.16405894
2016-02-15,gut_857,19606,3.51,20276.0,0.15233774
2016-02-14,gut_857_2,17164,2.43,17286.0,0.12370705
2016-02-15,gut_857_2,16485,2.23,17124.0,0.11459939
2016-02-14,gut_857_3,10128,1.21,10200.0,0.10439216
2016-02-15,gut_857_3,9418,1.17,9814.0,0.10491135
2016-02-14,gut_858_1,6721,1.72,6769.0,0.22360763
2016-02-15,gut_858_1,6577,1.48,6907.0,0.18856233
2016-02-14,gut_858_3,3333,0.7,3356.0,0.18355184
2016-02-15,gut_858_3,3340,0.66,3480.0,0.16689656
2016-02-14,gut_858_4,3309,0.65,3334.0,0.17156568
2016-02-15,gut_858_4,3207,0.62,3361.0,0.16233264
2016-02-14,gut_858_5,7830,2.61,7886.0,0.29125031
2016-02-15,gut_858_5,7410,2.1,7772.0,0.23777662
2016-02-14,gut_862_5,43,0.05,43.0,1.02325583
2016-02-15,gut_862_5,36,0.04,37.0,0.95135133
2016-02-15,gut_869_5,11,0.01,12.0,0.73333332
2016-02-14,gut_870_1,894625,272.3,901023.0,0.26594658
2016-02-15,gut_870_1,953274,251.87,1005550.0,0.22042225
2016-02-14,gut_870_2,4544,0.89,4553.0,0.17201845
2016-02-15,gut_870_2,5451,1.01,5693.0,0.15612155
2016-02-14,gut_870_3,905950,201.77,912429.0,0.19459882
2016-02-15,gut_870_3,976508,201.0,1024214.0,0.17269828
2016-02-14,gut_870_4,904443,195.57,910909.0,0.18893392
2016-02-15,gut_870_4,975756,195.11,1023167.0,0.16780917
2016-02-14,gut_870_5,1036633,330.72,1044045.0,0.2787558
2016-02-15,gut_870_5,1096612,312.07,1150451.0,0.23870778
2016-02-14,gut_871_5,48753,21.15,49102.0,0.37904769
2016-02-15,gut_871_5,56068,22.47,58939.0,0.33549262
2016-02-14,gut_876_1,15188,5.23,15289.0,0.30102688
2016-02-15,gut_876_1,24296,7.61,25651.0,0.26107365
2016-02-14,gut_876_2,276,0.06,267.0,0.1977528
2016-02-15,gut_876_2,559,0.1,588.0,0.14965987
2016-02-14,gut_876_3,108628,29.65,109405.0,0.23849001
2016-02-15,gut_876_3,167171,41.81,175461.0,0.20969219
2016-02-14,gut_876_4,107534,28.45,108304.0,0.23116414
2016-02-15,gut_876_4,165201,39.7,173357.0,0.20152633
2016-02-14,gut_876_5,137093,62.07,138073.0,0.39559943
2016-02-15,gut_876_5,203389,79.91,213976.0,0.32863874
2016-02-14,gut_877_1,8331,4.31,8391.0,0.4520081
2016-02-15,gut_877_1,11204,5.49,11726.0,0.41200749
2016-02-14,gut_877_3,10617,4.59,10693.0,0.37774246
2016-02-15,gut_877_3,13946,5.79,14435.0,0.3529754
2016-02-14,gut_877_4,10549,4.4,10624.0,0.36445784
2016-02-15,gut_877_4,13956,5.7,14416.0,0.34794671
2016-02-14,gut_877_5,14810,10.48,14916.0,0.61828906
2016-02-15,gut_877_5,18160,11.62,18881.0,0.54158148
2016-02-14,gut_878_1,338967,54.33,341395.0,0.14004424
2016-02-15,gut_878_1,465671,71.74,491718.0,0.12838903
2016-02-14,gut_878_3,216374,41.77,217911.0,0.16868171
2016-02-15,gut_878_3,285635,52.32,299808.0,0.15357028
2016-02-14,gut_878_5,609122,217.02,613478.0,0.3113031
2016-02-15,gut_878_5,752334,237.88,792000.0,0.26431112
2016-02-14,gut_882_1,56289,9.66,56692.0,0.14994708
2016-02-15,gut_882_1,62533,9.8,66204.0,0.13026403
2016-02-14,gut_882_3,35948,7.33,36196.0,0.17820753
2016-02-15,gut_882_3,41346,8.44,43374.0,0.17123622
2016-02-14,gut_882_5,115460,46.36,116286.0,0.35083158
2016-02-15,gut_882_5,122199,45.74,128525.0,0.31317799
2016-02-14,gut_885_1,95,0.05,96.0,0.45833334
2016-02-15,gut_885_1,153,0.06,157.0,0.33630572
2016-02-14,gut_885_3,42,0.01,42.0,0.2095238
2016-02-15,gut_885_3,76,0.02,76.0,0.23157894
2016-02-14,gut_885_5,149,0.08,150.0,0.46933332
2016-02-15,gut_885_5,198,0.1,207.0,0.42512078
2016-02-14,gut_888_1,18565,2.62,18699.0,0.12330071
2016-02-15,gut_888_1,20796,2.84,21661.0,0.11537786
2016-02-14,gut_888_3,12252,2.07,12320.0,0.14785714
2016-02-15,gut_888_3,13143,2.04,13486.0,0.13311582
2016-02-14,gut_888_5,29801,7.47,30013.0,0.21902508
2016-02-15,gut_888_5,31837,7.2,32784.0,0.193265
2016-02-14,gut_889_1,111911,31.24,112713.0,0.24390443
2016-02-15,gut_889_1,264252,63.58,279515.0,0.20016959
2016-02-14,gut_889_2,33,0.0,32.0,0.0
2016-02-15,gut_889_2,107,0.02,112.0,0.15714285
2016-02-14,gut_889_3,51534,10.66,51893.0,0.18077197
2016-02-15,gut_889_3,125427,23.16,132343.0,0.15399983
2016-02-14,gut_889_4,48360,9.73,48684.0,0.17587708
2016-02-15,gut_889_4,118507,21.58,124970.0,0.15195967
2016-02-14,gut_889_5,130636,43.64,131571.0,0.29188195
2016-02-15,gut_889_5,304683,91.29,321900.0,0.24956571
2016-02-14,gut_890_1,3331370,487.59,3355194.0,0.12788506
2016-02-15,gut_890_1,6839433,1022.39,7215130.0,0.12469674
2016-02-14,gut_890_3,2099174,382.05,2114163.0,0.15902463
2016-02-15,gut_890_3,4176656,757.56,4383197.0,0.15209282
2016-02-14,gut_890_5,5669385,1841.36,5709924.0,0.28378605
2016-02-15,gut_890_5,10981798,3411.95,11553934.0,0.25986958
2016-02-14,gut_891_1,13,0.01,13.0,0.67692306
2016-02-14,gut_891_3,15,0.01,15.0,0.58666665
2016-02-14,gut_891_5,57,0.04,57.0,0.61754385
2016-02-15,gut_891_5,29,0.03,31.0,0.85161288
2016-02-14,gut_895_1,9085,1.42,9150.0,0.1365683
2016-02-15,gut_895_1,10357,1.65,10941.0,0.13271182
2016-02-14,gut_895_3,4942,0.79,4978.0,0.13965448
2016-02-15,gut_895_3,6054,0.99,6369.0,0.13678757
2016-02-14,gut_895_5,14338,4.39,14440.0,0.26753462
2016-02-15,gut_895_5,16334,5.1,17186.0,0.26114279
2016-02-14,gut_896_1,151515,67.76,152597.0,0.39075999
2016-02-15,gut_896_1,217344,94.17,226522.0,0.36583466
2016-02-14,gut_896_2,524,0.13,528.0,0.21666666
2016-02-15,gut_896_2,664,0.17,699.0,0.21402003
2016-02-14,gut_896_3,254801,104.53,256623.0,0.35844955
2016-02-15,gut_896_3,343524,139.06,353300.0,0.34637078
2016-02-14,gut_896_4,284863,118.9,286899.0,0.36469978
2016-02-15,gut_896_4,383063,155.4,394097.0,0.34700085
2016-02-14,gut_896_5,408932,286.99,411856.0,0.61320265
2016-02-15,gut_896_5,511009,333.2,530265.0,0.55296128
2016-02-14,gut_897_1,18748,3.02,18881.0,0.14075526
2016-02-15,gut_897_1,21949,3.51,23179.0,0.13325855
2016-02-14,gut_897_3,10864,1.85,10932.0,0.1489206
2016-02-15,gut_897_3,12557,2.21,13229.0,0.14701036
2016-02-14,gut_897_5,31275,9.51,31498.0,0.26569307
2016-02-15,gut_897_5,34717,10.5,36548.0,0.25281821
2016-02-14,gut_900_1,36,0.02,36.0,0.48888888
2016-02-15,gut_900_1,29,0.02,31.0,0.56774192
2016-02-14,gut_900_3,19,0.01,19.0,0.46315788
2016-02-15,gut_900_3,16,0.01,17.0,0.51764705
2016-02-14,gut_900_5,59,0.05,59.0,0.74576272
2016-02-15,gut_900_5,46,0.05,49.0,0.8979592
2016-02-14,gut_902_3,86,0.06,87.0,0.60689654
2016-02-15,gut_902_3,39,0.03,41.0,0.64390242
2016-02-14,gut_902_5,436,0.44,439.0,0.88200455
2016-02-15,gut_902_5,214,0.24,229.0,0.92227072
2016-02-14,gut_903_1,206,0.12,207.0,0.51014492
2016-02-15,gut_903_1,126,0.09,134.0,0.5910448
2016-02-14,gut_907_5,19,0.02,19.0,0.92631577
2016-02-15,gut_907_5,13,0.02,14.0,1.25714283
2016-02-14,gut_908_1,707719,210.9,712776.0,0.26037913
2016-02-15,gut_908_1,844665,222.88,887434.0,0.22101295
2016-02-14,gut_908_2,350,0.04,349.0,0.1008596
2016-02-15,gut_908_2,628,0.06,663.0,0.07963801
2016-02-14,gut_908_3,322084,68.21,324387.0,0.18504071
2016-02-15,gut_908_3,394346,78.34,411833.0,0.167396
2016-02-14,gut_908_4,306334,64.84,308527.0,0.18494069
2016-02-15,gut_908_4,377509,74.31,393853.0,0.16603351
2016-02-14,gut_908_5,816120,300.13,821955.0,0.32132465
2016-02-15,gut_908_5,965182,324.64,1010844.0,0.2826185
2016-02-14,gut_909_1,134129,21.7,135089.0,0.14135866
2016-02-15,gut_909_1,187386,28.52,197790.0,0.12689014
2016-02-14,gut_909_3,85484,16.53,86076.0,0.16899485
2016-02-15,gut_909_3,114608,20.9,120286.0,0.15290225
2016-02-14,gut_909_5,243252,87.73,244989.0,0.315126
2016-02-15,gut_909_5,303482,97.0,319399.0,0.26725193
2016-02-14,gut_912_1,35901,5.49,36159.0,0.13360988
2016-02-15,gut_912_1,37653,5.62,39185.0,0.12621156
2016-02-14,gut_912_3,19307,3.03,19444.0,0.13713228
2016-02-15,gut_912_3,20048,2.94,20610.0,0.1255313
2016-02-14,gut_912_5,48647,11.5,48994.0,0.2065559
2016-02-15,gut_912_5,50021,11.43,51614.0,0.19487736
2016-02-14,gut_913_1,197,0.15,198.0,0.66666669
2016-02-15,gut_913_1,211,0.14,221.0,0.55746607
2016-02-14,gut_913_3,80,0.04,81.0,0.43456789
2016-02-15,gut_913_3,103,0.04,108.0,0.32592592
2016-02-14,gut_913_4,77,0.04,78.0,0.45128204
2016-02-15,gut_913_4,99,0.04,105.0,0.33523809
2016-02-14,gut_913_5,293,0.35,295.0,1.04406778
2016-02-15,gut_913_5,290,0.28,306.0,0.80522876
2016-02-14,gut_916_1,141054,22.83,142062.0,0.14141994
2016-02-15,gut_916_1,193487,29.76,204296.0,0.12819047
2016-02-14,gut_916_3,89333,17.54,89951.0,0.17159566
2016-02-15,gut_916_3,118726,21.71,124670.0,0.15324295
2016-02-14,gut_916_5,253057,90.05,254865.0,0.3109254
2016-02-15,gut_916_5,313061,100.29,329428.0,0.26790437
2016-02-14,gut_917_1,34188,7.39,34432.0,0.18887081
2016-02-15,gut_917_1,43953,8.47,46384.0,0.16069335
2016-02-14,gut_917_2,113,0.02,104.0,0.16923077
2016-02-15,gut_917_2,198,0.03,192.0,0.1375
2016-02-14,gut_917_3,47708,8.82,48049.0,0.16153509
2016-02-15,gut_917_3,61078,10.93,63949.0,0.15040736
2016-02-14,gut_917_4,49482,9.02,49837.0,0.15927123
2016-02-15,gut_917_4,64039,11.37,67106.0,0.14910142
2016-02-14,gut_917_5,74318,27.79,74849.0,0.32672715
2016-02-15,gut_917_5,89800,29.97,94179.0,0.28003694
2016-02-14,gut_919_1,857248,122.55,863376.0,0.12490966
2016-02-15,gut_919_1,922344,124.2,958460.0,0.11403293
2016-02-14,gut_919_3,555284,94.35,559235.0,0.1484671
2016-02-15,gut_919_3,567523,88.86,582534.0,0.1342356
2016-02-14,gut_919_5,1340360,327.41,1349942.0,0.21343199
2016-02-15,gut_919_5,1380917,315.23,1422420.0,0.19502145
2016-02-14,gut_920_1,141163,22.47,142171.0,0.13908321
2016-02-15,gut_920_1,197005,29.99,207905.0,0.12693875
2016-02-14,gut_920_3,89562,17.32,90205.0,0.16896624
2016-02-15,gut_920_3,119986,21.73,125881.0,0.15190855
2016-02-14,gut_920_5,319270,112.7,321555.0,0.30842623
2016-02-15,gut_920_5,394892,123.69,415154.0,0.26218512
2016-02-14,gut_922_5,26,0.03,26.0,1.01538459
2016-02-15,gut_922_5,35,0.05,37.0,1.18918921
2016-02-14,gut_923_1,2657423,613.18,2676430.0,0.20161125
2016-02-15,gut_923_1,3325492,680.03,3500254.0,0.17096657
2016-02-14,gut_923_2,1052,0.11,993.0,0.09748238
2016-02-15,gut_923_2,1450,0.14,1478.0,0.08335589
2016-02-14,gut_923_3,1227748,214.96,1236525.0,0.15298098
2016-02-15,gut_923_3,1571566,255.99,1648251.0,0.13667288
2016-02-14,gut_923_4,1163014,201.49,1171329.0,0.15137609
2016-02-15,gut_923_4,1499053,238.57,1571796.0,0.13356797
2016-02-14,gut_923_5,3064492,909.13,3086403.0,0.25921255
2016-02-15,gut_923_5,3741019,984.92,3938656.0,0.22005719
2016-02-14,gut_924_1,4002,0.53,4031.0,0.11570329
2016-02-15,gut_924_1,4988,0.63,5010.0,0.11065868
2016-02-14,gut_924_3,5100,0.69,5136.0,0.1182243
2016-02-15,gut_924_3,6316,0.84,6373.0,0.11598933
2016-02-14,gut_924_5,3162,0.67,3185.0,0.18511774
2016-02-15,gut_924_5,3412,0.7,3448.0,0.17865429
2016-02-14,gut_927_1,439820,112.1,442963.0,0.22270031
2016-02-15,gut_927_1,558159,127.47,587251.0,0.19101475
2016-02-14,gut_927_2,221831,32.29,223418.0,0.12718403
2016-02-15,gut_927_2,284813,39.44,300778.0,0.11539141
2016-02-14,gut_927_3,206802,38.66,208283.0,0.1633393
2016-02-15,gut_927_3,264724,47.27,276454.0,0.15046843
2016-02-14,gut_927_4,196929,36.16,198327.0,0.16044613
2016-02-15,gut_927_4,254098,44.05,265387.0,0.14606593
2016-02-14,gut_927_5,487807,146.56,491299.0,0.26251386
2016-02-15,gut_927_5,621367,177.52,651013.0,0.23996081
2016-02-14,gut_928_1,133743,21.56,134698.0,0.14085435
2016-02-15,gut_928_1,185768,28.43,196007.0,0.12764034
2016-02-14,gut_928_3,84971,16.46,85559.0,0.16929603
2016-02-15,gut_928_3,112525,20.37,118091.0,0.15179481
2016-02-14,gut_928_5,242243,87.51,243973.0,0.31564477
2016-02-15,gut_928_5,298910,93.67,314572.0,0.2620373
2016-02-14,gut_929_1,259,0.11,261.0,0.37088122
2016-02-15,gut_929_1,345,0.13,349.0,0.32779368
2016-02-14,gut_929_3,121,0.05,122.0,0.36065574
2016-02-15,gut_929_3,149,0.05,152.0,0.28947369
2016-02-14,gut_929_4,90,0.03,91.0,0.29010988
2016-02-15,gut_929_4,136,0.04,138.0,0.25507246
2016-02-14,gut_929_5,332,0.2,334.0,0.52694612
2016-02-15,gut_929_5,400,0.23,404.0,0.50099011
2016-02-14,gut_930_1,16,0.0,16.0,0.0
2016-02-15,gut_930_1,29,0.01,29.0,0.30344827
2016-02-14,gut_930_5,66,0.03,66.0,0.39999999
2016-02-15,gut_930_5,69,0.03,69.0,0.38260869
2016-02-14,gut_931_1,90,0.04,91.0,0.38681318
2016-02-15,gut_931_1,120,0.07,125.0,0.4928
2016-02-14,gut_931_3,131,0.05,132.0,0.33333334
2016-02-15,gut_931_3,154,0.05,158.0,0.27848102
2016-02-14,gut_931_5,68,0.05,68.0,0.64705883
2016-02-15,gut_931_5,82,0.05,85.0,0.51764707
2016-02-14,gut_932_1,167,0.07,168.0,0.36666667
2016-02-15,gut_932_1,221,0.11,230.0,0.42086956
2016-02-14,gut_932_3,353,0.16,356.0,0.39550561
2016-02-15,gut_932_3,408,0.19,417.0,0.40095923
2016-02-14,gut_932_5,199,0.18,200.0,0.79200003
2016-02-15,gut_932_5,250,0.17,260.0,0.57538462
2016-02-14,gut_933_1,19171,2.84,19307.0,0.12944528
2016-02-15,gut_933_1,22749,3.26,24015.0,0.11945867
2016-02-14,gut_933_3,11734,1.74,11783.0,0.12994993
2016-02-15,gut_933_3,14718,2.25,15396.0,0.12860483
2016-02-14,gut_933_4,11917,1.84,11968.0,0.13529412
2016-02-15,gut_933_4,14830,2.41,15531.0,0.13655271
2016-02-14,gut_933_5,35396,10.85,35649.0,0.26783361
2016-02-15,gut_933_5,43842,13.71,45962.0,0.26249511
2016-02-14,gut_935_1,90299,33.72,90946.0,0.32627714
2016-02-15,gut_935_1,53961,26.55,56186.0,0.41583311
2016-02-14,gut_935_2,53,0.01,40.0,0.22
2016-02-15,gut_935_2,27,0.01,20.0,0.43999999
2016-02-14,gut_935_3,70542,15.97,71045.0,0.19781266
2016-02-15,gut_935_3,43148,16.41,44245.0,0.32638264
2016-02-14,gut_935_4,72481,15.59,72997.0,0.18794197
2016-02-15,gut_935_4,42280,15.63,43308.0,0.3175949
2016-02-14,gut_935_5,110061,52.29,110847.0,0.41512356
2016-02-15,gut_935_5,62615,48.83,65220.0,0.65885314
2016-02-14,gut_936_1,3376,0.9,3400.0,0.23294117
2016-02-15,gut_936_1,9439,1.98,10030.0,0.17371885
2016-02-15,gut_936_2,22,0.0,18.0,0.0
2016-02-14,gut_936_3,5171,1.22,5208.0,0.2061444
2016-02-15,gut_936_3,13762,2.52,14536.0,0.15255916
2016-02-14,gut_936_4,5160,1.14,5197.0,0.19303444
2016-02-15,gut_936_4,13822,2.46,14609.0,0.14818263
2016-02-14,gut_936_5,6968,2.56,7018.0,0.32100313
2016-02-15,gut_936_5,17844,5.08,18896.0,0.23657917
2016-02-14,gut_937_1,576,0.11,580.0,0.16689655
2016-02-15,gut_937_1,1339,0.27,1415.0,0.1679152
2016-02-14,gut_937_3,819,0.15,825.0,0.16000001
2016-02-15,gut_937_3,2135,0.39,2240.0,0.15321428
2016-02-14,gut_937_4,838,0.15,844.0,0.15639811
2016-02-15,gut_937_4,2135,0.37,2236.0,0.14561718
2016-02-14,gut_937_5,1078,0.29,1086.0,0.23499079
2016-02-15,gut_937_5,2542,0.67,2683.0,0.21975401
2016-02-14,gut_938_5,31,0.04,31.0,1.13548385
2016-02-15,gut_938_5,23,0.04,25.0,1.40799997
2016-02-14,gut_940_1,58178,16.77,58595.0,0.25185767
2016-02-15,gut_940_1,69926,17.78,73331.0,0.2133668
2016-02-15,gut_940_2,19,0.0,11.0,0.0
2016-02-14,gut_940_3,27228,6.03,27423.0,0.19350181
2016-02-15,gut_940_3,33672,6.82,35121.0,0.17088352
2016-02-14,gut_940_4,25713,5.44,25897.0,0.18485539
2016-02-15,gut_940_4,31462,6.21,32834.0,0.16643723
2016-02-14,gut_949_1,62121,18.6,62564.0,0.26162011
2016-02-15,gut_949_1,76548,19.95,80775.0,0.21734448
2016-02-14,gut_949_4,61266,13.22,61704.0,0.18853883
2016-02-15,gut_949_4,76224,15.41,79857.0,0.16981354
2016-02-14,gut_949_5,71249,24.19,71758.0,0.29665264
2016-02-15,gut_949_5,86119,25.7,90573.0,0.24969915
2016-02-14,gut_950_1,8893,1.51,8957.0,0.14835324
2016-02-15,gut_950_1,11700,2.11,12341.0,0.15045782
2016-02-14,gut_950_3,7461,0.73,7506.0,0.08558487
2016-02-15,gut_950_3,9130,0.92,9626.0,0.08410555
2016-02-14,gut_950_4,7647,0.75,7692.0,0.08580343
2016-02-15,gut_950_4,9566,1.04,10078.0,0.09081167
2016-02-14,gut_950_5,21934,8.66,22090.0,0.34498868
2016-02-15,gut_950_5,24903,8.94,26232.0,0.29990849
2016-02-14,gut_at_m_3_1,15901,2.09,16015.0,0.11484233
2016-02-15,gut_at_m_3_1,4060,0.69,4125.0,0.1472
2016-02-14,gut_at_m_3_3,31807,6.57,32034.0,0.18048324
2016-02-15,gut_at_m_3_3,7172,1.74,7662.0,0.19984338
2016-02-14,gut_at_m_5_1,654,0.25,659.0,0.33383915
2016-02-15,gut_at_m_5_1,470,0.18,502.0,0.31553786
2016-02-14,gut_bro_m_25_1,2941,0.23,2962.0,0.06833221
2016-02-15,gut_bro_m_25_1,1867,0.13,1789.0,0.06394634
2016-02-14,gut_bro_m_25_3,4357,0.8,4388.0,0.16043756
2016-02-15,gut_bro_m_25_3,3397,0.64,3629.0,0.15519426
2016-02-14,gut_bro_m_39_1,77,0.01,69.0,0.12753623
2016-02-15,gut_bro_m_39_1,63,0.0,54.0,0.0
2016-02-14,gut_bro_m_39_3,141,0.02,142.0,0.12394366
2016-02-15,gut_bro_m_39_3,117,0.02,125.0,0.1408
2016-02-14,gut_bud_m_1_1,77,0.01,78.0,0.11282051
2016-02-15,gut_bud_m_1_1,88,0.01,94.0,0.09361702
2016-02-14,gut_bud_m_1_3,91,0.01,92.0,0.09565217
2016-02-15,gut_bud_m_1_3,104,0.02,111.0,0.15855856
2016-02-14,gut_cs_m_2_1,12211,0.82,12292.0,0.05870485
2016-02-15,gut_cs_m_2_1,5947,0.46,6345.0,0.06379827
2016-02-14,gut_cs_m_2_3,29982,4.28,30196.0,0.12473176
2016-02-15,gut_cs_m_2_3,14133,1.96,15099.0,0.11423273
2016-02-14,gut_cs_m_33_3,82,0.01,83.0,0.10602409
2016-02-15,gut_cs_m_33_3,31,0.01,33.0,0.26666666
2016-02-14,gut_els_m_11_1,17092,2.14,17214.0,0.10939933
2016-02-15,gut_els_m_11_1,23163,2.44,24747.0,0.08676607
2016-02-14,gut_els_m_11_3,54484,9.85,54874.0,0.15796188
2016-02-15,gut_els_m_11_3,72381,11.03,77330.0,0.1255192
2016-02-14,gut_els_m_12_1,4608,0.73,4641.0,0.13841845
2016-02-15,gut_els_m_12_1,5409,0.55,5779.0,0.08375152
2016-02-14,gut_els_m_12_3,13890,1.74,13989.0,0.10945743
2016-02-15,gut_els_m_12_3,14610,1.62,15609.0,0.09133192
2016-02-14,gut_els_m_13_3,96,0.02,97.0,0.18144329
2016-02-15,gut_els_m_13_3,73,0.01,78.0,0.11282051
2016-02-14,gut_els_m_1_1,828,0.1,834.0,0.10551559
2016-02-15,gut_els_m_1_1,886,0.06,947.0,0.05575501
2016-02-14,gut_els_m_1_3,11508,1.52,11590.0,0.11540983
2016-02-15,gut_els_m_1_3,9705,1.13,10369.0,0.09590124
2016-02-14,gut_end_m_1_3,53417,4.9,53799.0,0.08015019
2016-02-15,gut_end_m_1_3,2823,0.27,3016.0,0.07877984
2016-02-14,gut_end_m_99_1,126,0.03,127.0,0.20787401
2016-02-15,gut_end_m_99_1,255,0.03,272.0,0.09705882
2016-02-14,gut_end_m_99_3,101,0.01,102.0,0.08627451
2016-02-15,gut_end_m_99_3,234,0.02,250.0,0.0704
2016-02-14,gut_epi_m_3_1,55,0.01,50.0,0.176
2016-02-15,gut_epi_m_3_1,33,0.01,29.0,0.30344827
2016-02-14,gut_epi_m_3_3,394,0.1,397.0,0.22166247
2016-02-15,gut_epi_m_3_3,367,0.08,392.0,0.17959183
2016-02-14,gut_fnb1_m_320x50,6848,4.9,6897.0,0.62519937
2016-02-15,gut_fnb1_m_320x50,7502,5.14,8015.0,0.56434184
2016-02-14,gut_hwy_m_2,305,0.09,307.0,0.25798047
2016-02-15,gut_hwy_m_2,274,0.08,293.0,0.24027303
2016-02-14,gut_jam_m_20_1,12926,2.76,13018.0,0.18657244
2016-02-15,gut_jam_m_20_1,2819,0.61,3012.0,0.17822046
2016-02-14,gut_jam_m_20_3,11364,1.51,11445.0,0.1161031
2016-02-15,gut_jam_m_20_3,2646,0.36,2827.0,0.11206226
2016-02-14,gut_jam_m_20_4,11545,1.56,11628.0,0.11805985
2016-02-15,gut_jam_m_20_4,2671,0.35,2854.0,0.10791871
2016-02-14,gut_jam_m_4_1,338,0.07,340.0,0.18117647
2016-02-15,gut_jam_m_4_1,42,0.01,45.0,0.19555555
2016-02-14,gut_jam_m_4_2,19,0.01,19.0,0.46315788
2016-02-14,gut_mar_m_1_1,239,0.05,241.0,0.18257262
2016-02-15,gut_mar_m_1_1,1230,0.29,1314.0,0.19421613
2016-02-14,gut_mar_m_1_3,263,0.06,265.0,0.19924528
2016-02-15,gut_mar_m_1_3,1358,0.21,1451.0,0.12736044
2016-02-14,gut_mh_m_2_1,1505,0.14,1516.0,0.08126649
2016-02-15,gut_mh_m_2_1,959,0.1,1025.0,0.08585366
2016-02-14,gut_mh_m_2_3,6231,1.02,6276.0,0.14302103
2016-02-15,gut_mh_m_2_3,3967,0.73,4238.0,0.15158094
2016-02-14,gut_mh_m_3_3,11,0.0,11.0,0.0
2016-02-14,gut_mor_m_1_1,34,0.01,34.0,0.25882352
2016-02-15,gut_mor_m_1_1,19,0.0,20.0,0.0
2016-02-14,gut_mor_m_1_3,29,0.0,29.0,0.0
2016-02-15,gut_mor_m_1_3,34,0.0,36.0,0.0
2016-02-14,gut_mor_m_2_1,61,0.01,61.0,0.14426229
2016-02-15,gut_mor_m_2_1,49,0.0,52.0,0.0
2016-02-15,gut_new_m_100_3,19,0.0,20.0,0.0
2016-02-15,gut_new_m_100_4,20,0.0,21.0,0.0
2016-02-14,gut_nin_m_1_3,34,0.0,34.0,0.0
2016-02-15,gut_nin_m_1_3,23,0.0,25.0,0.0
